user_id,username,email,age,salary,department,hire_date,is_active,performance_score,years_experience
1,user_00001,user1@example.com,56,109309,Sales,2022-02-25,True,3.42,9
2,user_00002,user2@example.com,69,58055,Sales,2020-11-08,True,4.4,10
3,user_00003,user3@example.com,46,103838,HR,2020-10-07,True,1.18,1
4,user_00004,user4@example.com,32,65624,Finance,2021-12-26,True,3.94,19
5,user_00005,user5@example.com,60,57646,HR,2020-01-31,False,2.37,7
6,user_00006,user6@example.com,25,77746,Marketing,2020-12-02,True,2.91,6
7,user_00007,user7@example.com,78,83561,Sales,2020-07-01,True,4.72,7
8,user_00008,user8@example.com,38,122788,Marketing,2020-01-23,True,2.33,0
9,user_00009,user9@example.com,56,82988,Engineering,2021-06-27,True,2.86,1
10,user_00010,user10@example.com,75,79831,Engineering,2021-03-21,False,1.05,17
11,user_00011,user11@example.com,36,114903,HR,2020-03-14,True,1.33,14
12,user_00012,user12@example.com,40,90026,Finance,2020-01-10,True,2.03,0
13,user_00013,user13@example.com,28,58893,Marketing,2021-04-28,True,1.11,4
14,user_00014,user14@example.com,28,108899,Finance,2021-03-31,True,3.53,1
15,user_00015,user15@example.com,41,56509,HR,2021-07-19,True,2.71,19
16,user_00016,user16@example.com,70,58768,Engineering,2021-07-17,False,3.19,2
17,user_00017,user17@example.com,53,53786,Finance,2021-10-21,True,1.7,18
18,user_00018,user18@example.com,57,51593,Finance,2020-06-08,True,2.18,17
19,user_00019,user19@example.com,41,83329,Engineering,2022-05-31,True,3.66,17
20,user_00020,user20@example.com,20,68552,Marketing,2020-01-14,True,4.86,13
21,user_00021,user21@example.com,39,11954,Engineering,2020-06-26,True,1.2,7
22,user_00022,user22@example.com,70,68293,Finance,2021-02-15,True,4.56,11
23,user_00023,user23@example.com,19,62052,Marketing,2022-05-27,True,3.31,9
24,user_00024,user24@example.com,41,97320,Marketing,2020-02-22,True,3.26,19
25,user_00025,user25@example.com,61,60918,Engineering,2021-02-11,True,3.0,16
26,user_00026,user26@example.com,47,138481,Finance,2022-04-26,True,1.28,10
27,user_00027,user27@example.com,55,109919,HR,2020-01-22,True,1.36,1
28,user_00028,user28@example.com,19,65252,Finance,2020-01-30,True,3.4,3
29,user_00029,user29@example.com,77,103740,Sales,2021-12-03,False,2.36,0
30,user_00030,user30@example.com,38,88130,HR,2020-09-16,True,4.67,14
31,user_00031,user31@example.com,50,80836,Marketing,2020-07-23,True,2.63,12
32,user_00032,user32@example.com,29,95066,HR,2020-02-28,True,1.57,7
33,user_00033,user33@example.com,75,76351,Marketing,2021-04-15,True,3.86,3
34,user_00034,user34@example.com,39,81008,Marketing,2022-02-14,True,2.17,9
35,user_00035,user35@example.com,78,95583,HR,2021-04-10,True,3.1,18
36,user_00036,user36@example.com,61,126311,Marketing,2020-01-12,True,3.79,17
37,user_00037,user37@example.com,42,81279,Marketing,2021-09-22,True,4.6,4
38,user_00038,user38@example.com,66,63655,Sales,2022-07-15,True,4.17,18
39,user_00039,user39@example.com,44,24269,Finance,2022-08-31,True,3.71,15
40,user_00040,user40@example.com,76,124032,Finance,2020-10-16,True,3.72,0
41,user_00041,user41@example.com,59,68418,Sales,2022-04-29,True,4.78,11
42,user_00042,user42@example.com,45,88370,HR,2022-01-29,False,2.18,1
43,user_00043,user43@example.com,77,122647,Engineering,2020-12-19,True,1.0,7
44,user_00044,user44@example.com,33,80690,Engineering,2021-09-30,True,2.09,17
45,user_00045,user45@example.com,32,70133,Engineering,2020-03-15,True,1.87,15
46,user_00046,user46@example.com,79,110491,Sales,2022-05-22,False,3.65,4
47,user_00047,user47@example.com,79,86518,Sales,2021-12-16,True,3.53,12
48,user_00048,user48@example.com,64,89652,Marketing,2021-07-14,True,3.37,18
49,user_00049,user49@example.com,79,36920,Engineering,2021-08-13,True,1.06,2
50,user_00050,user50@example.com,68,105147,HR,2021-03-16,True,3.92,7
51,user_00051,user51@example.com,61,84389,HR,2022-09-17,True,2.29,11
52,user_00052,user52@example.com,72,40710,Engineering,2020-08-28,True,3.66,1
53,user_00053,user53@example.com,69,87127,Engineering,2022-05-10,True,3.23,10
54,user_00054,user54@example.com,74,23436,Engineering,2020-06-02,True,2.37,11
55,user_00055,user55@example.com,20,133549,Sales,2022-02-24,False,1.54,17
56,user_00056,user56@example.com,54,47453,Sales,2020-04-05,True,1.38,12
57,user_00057,user57@example.com,68,115294,Sales,2021-12-26,True,4.33,4
58,user_00058,user58@example.com,24,54676,Finance,2020-10-20,True,4.67,11
59,user_00059,user59@example.com,38,89005,HR,2020-07-27,True,3.6,1
60,user_00060,user60@example.com,26,52196,HR,2020-12-08,False,1.41,4
61,user_00061,user61@example.com,56,99927,Marketing,2020-03-28,True,2.61,6
62,user_00062,user62@example.com,35,69117,Sales,2022-03-28,True,3.92,11
63,user_00063,user63@example.com,21,86694,Finance,2022-02-14,True,4.12,15
64,user_00064,user64@example.com,42,75376,Finance,2022-07-25,True,1.47,7
65,user_00065,user65@example.com,77,40858,HR,2021-01-24,True,1.0,8
66,user_00066,user66@example.com,31,87602,Sales,2020-11-20,True,3.85,14
67,user_00067,user67@example.com,67,62419,Marketing,2022-07-28,True,2.43,4
68,user_00068,user68@example.com,75,101132,Sales,2022-06-07,True,2.02,12
69,user_00069,user69@example.com,26,69103,Engineering,2022-04-11,True,1.05,4
70,user_00070,user70@example.com,43,73080,Sales,2020-06-05,False,3.16,10
71,user_00071,user71@example.com,70,117073,Engineering,2021-10-29,True,4.4,9
72,user_00072,user72@example.com,19,134540,Engineering,2021-10-12,True,4.83,19
73,user_00073,user73@example.com,37,94650,Marketing,2021-09-24,True,3.26,12
74,user_00074,user74@example.com,45,67821,HR,2021-07-30,True,3.06,8
75,user_00075,user75@example.com,64,65633,Sales,2021-09-10,True,1.34,13
76,user_00076,user76@example.com,77,54533,Engineering,2021-10-20,True,3.2,17
77,user_00077,user77@example.com,24,59369,Sales,2020-05-16,True,2.52,14
78,user_00078,user78@example.com,61,68159,HR,2022-07-11,True,3.43,9
79,user_00079,user79@example.com,78,124106,HR,2021-11-04,True,2.55,6
80,user_00080,user80@example.com,25,70069,Finance,2021-03-03,False,1.96,7
81,user_00081,user81@example.com,64,44348,HR,2021-03-27,True,1.38,2
82,user_00082,user82@example.com,52,76041,Marketing,2021-09-03,True,2.26,14
83,user_00083,user83@example.com,31,79453,Engineering,2022-04-29,True,1.39,15
84,user_00084,user84@example.com,34,75890,Finance,2022-06-29,True,1.71,3
85,user_00085,user85@example.com,53,94992,Marketing,2022-03-29,True,4.95,5
86,user_00086,user86@example.com,67,76725,Sales,2020-05-20,True,2.78,0
87,user_00087,user87@example.com,57,94218,Engineering,2020-03-23,True,3.13,3
88,user_00088,user88@example.com,21,55491,HR,2020-06-25,True,4.49,10
89,user_00089,user89@example.com,19,119518,Engineering,2020-07-16,True,4.98,11
90,user_00090,user90@example.com,79,81311,Sales,2021-09-15,True,3.33,4
91,user_00091,user91@example.com,23,85005,Finance,2021-07-21,False,4.25,15
92,user_00092,user92@example.com,71,55387,Finance,2022-08-29,True,2.31,12
93,user_00093,user93@example.com,59,86795,Finance,2021-11-21,True,2.22,12
94,user_00094,user94@example.com,21,91276,HR,2021-02-24,True,2.61,16
95,user_00095,user95@example.com,71,45755,Marketing,2021-02-04,True,3.69,6
96,user_00096,user96@example.com,46,33522,Marketing,2021-11-28,True,3.73,7
97,user_00097,user97@example.com,35,82341,Engineering,2021-04-15,True,2.26,12
98,user_00098,user98@example.com,43,62780,HR,2020-08-05,True,1.53,15
99,user_00099,user99@example.com,61,81498,Finance,2022-07-13,True,3.53,3
100,user_00100,user100@example.com,51,42724,Finance,2022-07-17,True,1.51,7
101,user_00101,user101@example.com,27,35987,Sales,2022-04-07,True,3.31,15
102,user_00102,user102@example.com,79,80167,Sales,2022-09-13,True,3.77,9
103,user_00103,user103@example.com,53,66255,Finance,2021-12-29,True,3.8,11
104,user_00104,user104@example.com,31,22232,Finance,2021-09-23,True,4.01,11
105,user_00105,user105@example.com,48,108577,HR,2022-08-08,False,4.49,4
106,user_00106,user106@example.com,65,42308,Marketing,2022-06-24,False,3.0,15
107,user_00107,user107@example.com,32,139333,Sales,2020-06-23,True,3.92,0
108,user_00108,user108@example.com,25,59399,Marketing,2020-01-23,True,3.48,8
109,user_00109,user109@example.com,31,85039,HR,2021-12-25,True,1.75,11
110,user_00110,user110@example.com,40,116173,Finance,2022-07-05,False,1.1,4
111,user_00111,user111@example.com,77,111985,Marketing,2020-08-22,False,2.14,19
112,user_00112,user112@example.com,74,124653,Finance,2020-01-13,True,2.77,2
113,user_00113,user113@example.com,79,36923,Finance,2020-04-10,True,3.47,4
114,user_00114,user114@example.com,57,46603,Engineering,2022-07-17,True,4.4,1
115,user_00115,user115@example.com,38,80649,Marketing,2021-06-19,True,1.78,13
116,user_00116,user116@example.com,33,95993,Marketing,2022-05-25,True,1.5,1
117,user_00117,user117@example.com,62,74719,Finance,2021-06-06,False,4.85,12
118,user_00118,user118@example.com,35,34050,HR,2022-02-23,True,1.43,6
119,user_00119,user119@example.com,64,87414,Engineering,2021-03-27,True,2.91,9
120,user_00120,user120@example.com,70,70143,Finance,2021-03-06,False,3.34,12
121,user_00121,user121@example.com,41,69844,Sales,2022-03-03,True,3.17,15
122,user_00122,user122@example.com,43,18051,Sales,2021-08-28,True,1.34,13
123,user_00123,user123@example.com,42,94937,Engineering,2021-12-13,True,1.23,10
124,user_00124,user124@example.com,77,78630,HR,2021-06-16,True,1.42,9
125,user_00125,user125@example.com,77,119879,Finance,2022-05-01,True,3.34,5
126,user_00126,user126@example.com,77,73137,Marketing,2022-09-05,True,3.18,3
127,user_00127,user127@example.com,62,89158,Engineering,2021-12-23,True,1.93,0
128,user_00128,user128@example.com,58,95795,HR,2021-10-13,True,3.55,6
129,user_00129,user129@example.com,46,31345,Marketing,2020-10-19,True,4.28,8
130,user_00130,user130@example.com,32,140417,Sales,2022-03-20,True,1.17,7
131,user_00131,user131@example.com,62,64230,Sales,2022-07-01,True,2.99,4
132,user_00132,user132@example.com,18,87364,Marketing,2020-04-10,True,3.76,18
133,user_00133,user133@example.com,42,91014,Engineering,2021-05-16,True,2.01,9
134,user_00134,user134@example.com,24,54630,Sales,2020-10-30,True,2.23,10
135,user_00135,user135@example.com,26,121174,Finance,2022-05-20,True,3.45,14
136,user_00136,user136@example.com,41,81648,Marketing,2021-06-23,True,4.59,5
137,user_00137,user137@example.com,18,69663,Marketing,2021-07-06,True,4.24,14
138,user_00138,user138@example.com,61,78462,Sales,2020-12-20,True,3.33,4
139,user_00139,user139@example.com,25,94106,Engineering,2020-10-29,False,3.92,18
140,user_00140,user140@example.com,41,75269,Finance,2021-05-10,True,2.46,18
141,user_00141,user141@example.com,28,97048,Engineering,2021-10-19,True,3.56,9
142,user_00142,user142@example.com,68,32878,HR,2022-02-06,True,2.86,11
143,user_00143,user143@example.com,34,56300,HR,2022-08-31,True,1.76,3
144,user_00144,user144@example.com,25,21529,Sales,2020-08-14,True,3.81,17
145,user_00145,user145@example.com,52,124925,Sales,2020-08-23,True,3.23,15
146,user_00146,user146@example.com,52,124599,Sales,2022-05-22,True,2.43,7
147,user_00147,user147@example.com,50,90665,HR,2022-06-10,True,4.65,3
148,user_00148,user148@example.com,76,49684,Engineering,2021-03-30,True,1.08,11
149,user_00149,user149@example.com,22,134746,Engineering,2020-01-13,True,2.26,1
150,user_00150,user150@example.com,59,59889,Sales,2020-07-28,True,1.23,3
151,user_00151,user151@example.com,56,69669,Finance,2022-01-10,False,4.07,4
152,user_00152,user152@example.com,75,78988,Engineering,2021-01-31,True,3.81,2
153,user_00153,user153@example.com,58,86287,HR,2020-04-09,True,2.33,8
154,user_00154,user154@example.com,45,91095,Marketing,2020-01-31,True,3.7,17
155,user_00155,user155@example.com,24,92099,Marketing,2022-06-16,True,2.58,10
156,user_00156,user156@example.com,26,71386,Marketing,2021-06-11,True,4.03,2
157,user_00157,user157@example.com,25,91702,Finance,2021-10-10,True,2.82,1
158,user_00158,user158@example.com,29,70269,Sales,2020-11-24,True,2.65,8
159,user_00159,user159@example.com,51,89482,HR,2020-06-14,True,4.74,13
160,user_00160,user160@example.com,50,87432,Finance,2021-04-03,True,2.0,3
161,user_00161,user161@example.com,65,94071,HR,2022-04-01,True,1.48,8
162,user_00162,user162@example.com,72,90949,HR,2022-08-09,False,3.34,12
163,user_00163,user163@example.com,40,63939,Sales,2022-09-08,True,4.88,17
164,user_00164,user164@example.com,79,86467,Marketing,2022-09-19,True,2.51,14
165,user_00165,user165@example.com,41,91334,Sales,2020-04-09,True,1.25,9
166,user_00166,user166@example.com,54,42721,Finance,2021-09-12,True,2.36,15
167,user_00167,user167@example.com,52,68148,Finance,2022-05-04,True,3.02,11
168,user_00168,user168@example.com,61,90202,Finance,2020-06-21,True,1.65,19
169,user_00169,user169@example.com,57,117732,Sales,2022-01-18,True,3.63,4
170,user_00170,user170@example.com,39,95622,HR,2020-06-10,True,4.99,1
171,user_00171,user171@example.com,44,119309,HR,2022-06-23,True,2.81,9
172,user_00172,user172@example.com,52,65040,Engineering,2021-12-28,True,2.42,0
173,user_00173,user173@example.com,18,81254,Finance,2022-02-14,False,2.6,6
174,user_00174,user174@example.com,52,95143,HR,2020-09-19,True,1.46,16
175,user_00175,user175@example.com,54,16841,Engineering,2022-03-14,True,4.53,15
176,user_00176,user176@example.com,64,112770,HR,2020-09-30,True,2.66,2
177,user_00177,user177@example.com,31,28477,Finance,2020-01-03,True,2.55,13
178,user_00178,user178@example.com,20,99923,Marketing,2020-01-28,True,3.64,9
179,user_00179,user179@example.com,18,92170,Finance,2020-11-21,True,2.77,6
180,user_00180,user180@example.com,22,16510,Sales,2022-07-28,True,3.59,16
181,user_00181,user181@example.com,43,17773,HR,2020-05-28,True,1.25,5
182,user_00182,user182@example.com,72,110812,HR,2021-06-23,True,4.25,3
183,user_00183,user183@example.com,31,105368,Sales,2021-05-02,True,4.76,16
184,user_00184,user184@example.com,56,52978,Sales,2022-04-01,True,3.6,8
185,user_00185,user185@example.com,44,52953,Marketing,2021-03-13,True,4.82,3
186,user_00186,user186@example.com,26,87815,HR,2020-03-05,True,1.61,6
187,user_00187,user187@example.com,32,74681,HR,2020-12-21,True,2.91,1
188,user_00188,user188@example.com,32,101359,Marketing,2021-06-16,True,3.41,16
189,user_00189,user189@example.com,43,86989,Engineering,2020-09-08,True,3.33,7
190,user_00190,user190@example.com,59,114575,Marketing,2020-08-22,True,2.61,14
191,user_00191,user191@example.com,77,99251,Finance,2020-08-14,True,2.35,14
192,user_00192,user192@example.com,30,93019,HR,2021-06-08,True,1.51,7
193,user_00193,user193@example.com,68,66196,Sales,2020-11-08,True,2.57,15
194,user_00194,user194@example.com,49,64366,Finance,2020-02-18,True,1.65,18
195,user_00195,user195@example.com,56,73706,HR,2020-04-27,True,3.94,10
196,user_00196,user196@example.com,66,121023,Marketing,2020-02-23,False,1.84,1
197,user_00197,user197@example.com,69,64843,Finance,2021-10-11,False,1.23,16
198,user_00198,user198@example.com,78,81513,HR,2021-07-18,True,3.21,15
199,user_00199,user199@example.com,49,18879,Engineering,2020-02-13,True,3.38,14
200,user_00200,user200@example.com,21,91895,Engineering,2022-03-25,True,4.49,12
201,user_00201,user201@example.com,47,131429,Sales,2020-02-22,True,3.31,14
202,user_00202,user202@example.com,54,51659,HR,2021-08-08,False,2.38,3
203,user_00203,user203@example.com,40,154361,Engineering,2021-07-11,True,4.21,15
204,user_00204,user204@example.com,56,79556,Marketing,2021-06-08,True,3.16,11
205,user_00205,user205@example.com,62,10676,HR,2021-11-07,False,1.32,3
206,user_00206,user206@example.com,32,65361,Marketing,2020-04-11,True,3.26,2
207,user_00207,user207@example.com,60,108260,Marketing,2022-03-02,True,4.63,16
208,user_00208,user208@example.com,46,124982,Engineering,2022-02-08,False,2.59,17
209,user_00209,user209@example.com,53,92952,HR,2022-09-08,True,2.19,17
210,user_00210,user210@example.com,30,114189,Finance,2022-04-28,True,1.57,16
211,user_00211,user211@example.com,49,45555,Engineering,2022-05-17,True,1.61,11
212,user_00212,user212@example.com,24,57993,Engineering,2021-02-01,True,2.73,3
213,user_00213,user213@example.com,76,33013,HR,2020-05-17,True,3.38,11
214,user_00214,user214@example.com,68,59873,HR,2021-11-05,True,1.32,19
215,user_00215,user215@example.com,39,94047,Marketing,2022-07-09,False,4.76,14
216,user_00216,user216@example.com,45,80316,HR,2021-01-21,True,4.02,15
217,user_00217,user217@example.com,19,96696,Marketing,2020-04-20,True,3.35,4
218,user_00218,user218@example.com,59,51587,Engineering,2021-09-05,True,4.31,14
219,user_00219,user219@example.com,62,53111,Sales,2020-01-17,True,1.32,16
220,user_00220,user220@example.com,79,80115,Finance,2022-02-18,True,2.91,17
221,user_00221,user221@example.com,74,59933,Engineering,2020-06-30,True,3.52,4
222,user_00222,user222@example.com,70,107546,HR,2022-06-02,True,4.31,12
223,user_00223,user223@example.com,23,59314,Finance,2021-06-19,True,4.13,18
224,user_00224,user224@example.com,45,62615,Sales,2021-06-24,True,2.11,12
225,user_00225,user225@example.com,45,85470,Sales,2020-06-19,True,4.76,17
226,user_00226,user226@example.com,61,65267,Marketing,2021-02-12,True,1.5,13
227,user_00227,user227@example.com,61,44126,Finance,2022-01-09,True,4.5,3
228,user_00228,user228@example.com,37,47516,Marketing,2021-01-12,True,4.88,3
229,user_00229,user229@example.com,47,88444,Engineering,2020-07-06,True,1.71,19
230,user_00230,user230@example.com,79,41032,Finance,2022-05-07,True,3.89,19
231,user_00231,user231@example.com,28,109929,Engineering,2020-08-17,True,1.16,18
232,user_00232,user232@example.com,75,57740,Marketing,2022-04-12,True,2.62,12
233,user_00233,user233@example.com,72,90405,Finance,2022-05-01,True,3.07,11
234,user_00234,user234@example.com,45,59239,Marketing,2020-04-28,True,3.32,6
235,user_00235,user235@example.com,42,52118,Finance,2020-06-04,True,4.74,11
236,user_00236,user236@example.com,56,81152,Marketing,2022-02-22,True,3.69,3
237,user_00237,user237@example.com,79,101294,Sales,2021-11-17,True,2.93,1
238,user_00238,user238@example.com,50,68815,Marketing,2021-04-09,True,4.24,1
239,user_00239,user239@example.com,18,73363,Sales,2020-04-13,True,4.8,4
240,user_00240,user240@example.com,74,95185,Marketing,2021-08-26,True,1.09,9
241,user_00241,user241@example.com,44,96013,Finance,2021-11-28,True,4.93,9
242,user_00242,user242@example.com,79,74037,Finance,2022-08-29,True,1.34,8
243,user_00243,user243@example.com,74,63913,Finance,2022-03-05,True,4.26,12
244,user_00244,user244@example.com,69,77066,HR,2021-05-16,True,2.12,6
245,user_00245,user245@example.com,30,70227,Engineering,2021-11-23,True,1.53,4
246,user_00246,user246@example.com,58,82824,Finance,2021-11-12,True,2.76,9
247,user_00247,user247@example.com,20,45143,Sales,2021-11-29,True,3.58,9
248,user_00248,user248@example.com,56,81929,Finance,2020-06-23,False,2.52,5
249,user_00249,user249@example.com,23,57042,HR,2022-01-03,True,1.22,18
250,user_00250,user250@example.com,25,97647,Sales,2022-01-14,False,3.4,7
251,user_00251,user251@example.com,44,58188,HR,2021-11-04,True,4.61,0
252,user_00252,user252@example.com,26,58622,Sales,2021-02-24,True,2.53,16
253,user_00253,user253@example.com,79,86134,Marketing,2020-05-13,True,1.87,6
254,user_00254,user254@example.com,54,75355,Engineering,2021-01-25,False,2.77,13
255,user_00255,user255@example.com,50,131916,Engineering,2022-09-18,True,1.19,16
256,user_00256,user256@example.com,68,34267,HR,2022-01-05,True,4.28,8
257,user_00257,user257@example.com,59,77746,Engineering,2021-05-15,True,4.31,16
258,user_00258,user258@example.com,61,103241,HR,2021-10-26,True,3.35,4
259,user_00259,user259@example.com,41,60542,HR,2020-02-02,True,2.41,19
260,user_00260,user260@example.com,32,52236,HR,2020-02-24,True,4.2,7
261,user_00261,user261@example.com,76,53228,Engineering,2022-08-11,True,3.22,5
262,user_00262,user262@example.com,71,34700,HR,2021-06-02,True,4.3,10
263,user_00263,user263@example.com,49,108742,Engineering,2022-01-25,True,3.53,18
264,user_00264,user264@example.com,49,66759,HR,2022-04-04,True,4.14,3
265,user_00265,user265@example.com,41,63799,Finance,2021-09-29,True,3.39,17
266,user_00266,user266@example.com,58,21897,HR,2020-01-12,False,2.66,0
267,user_00267,user267@example.com,69,39157,Sales,2021-06-11,True,4.83,12
268,user_00268,user268@example.com,66,111634,HR,2021-12-20,True,3.16,13
269,user_00269,user269@example.com,79,82577,Marketing,2021-07-08,True,3.42,0
270,user_00270,user270@example.com,66,104162,HR,2021-01-07,True,1.88,10
271,user_00271,user271@example.com,75,100999,Sales,2021-04-28,True,3.5,16
272,user_00272,user272@example.com,69,49984,Sales,2022-08-30,True,3.29,3
273,user_00273,user273@example.com,29,135746,Engineering,2021-10-08,True,1.74,11
274,user_00274,user274@example.com,79,123743,Finance,2020-08-15,True,1.24,9
275,user_00275,user275@example.com,56,60905,HR,2021-09-14,True,3.42,5
276,user_00276,user276@example.com,19,14205,Engineering,2020-11-02,True,4.05,0
277,user_00277,user277@example.com,20,66086,Finance,2021-04-01,True,3.09,6
278,user_00278,user278@example.com,66,80957,HR,2020-06-08,False,1.91,15
279,user_00279,user279@example.com,54,60807,Marketing,2020-11-26,True,3.67,13
280,user_00280,user280@example.com,66,69461,HR,2022-02-14,True,1.32,19
281,user_00281,user281@example.com,73,54283,Sales,2020-08-12,True,2.77,19
282,user_00282,user282@example.com,34,98040,Sales,2022-09-09,True,1.65,5
283,user_00283,user283@example.com,76,76590,Marketing,2021-12-29,True,1.74,4
284,user_00284,user284@example.com,66,98787,Engineering,2021-05-18,True,1.81,17
285,user_00285,user285@example.com,19,105555,Finance,2021-03-31,True,2.55,14
286,user_00286,user286@example.com,19,20641,HR,2020-02-14,True,1.2,5
287,user_00287,user287@example.com,45,55736,Sales,2020-08-01,True,2.59,18
288,user_00288,user288@example.com,71,59399,Engineering,2020-02-28,True,3.05,0
289,user_00289,user289@example.com,40,139284,Marketing,2021-10-05,True,2.93,0
290,user_00290,user290@example.com,54,78725,Sales,2021-09-07,True,2.53,12
291,user_00291,user291@example.com,49,95314,Marketing,2020-07-13,True,4.36,2
292,user_00292,user292@example.com,50,27982,HR,2022-07-13,True,1.58,9
293,user_00293,user293@example.com,18,78580,Finance,2021-05-03,True,3.02,2
294,user_00294,user294@example.com,36,99457,Sales,2020-06-05,True,1.25,8
295,user_00295,user295@example.com,79,96549,Sales,2021-09-01,True,1.28,7
296,user_00296,user296@example.com,19,90584,HR,2020-08-13,True,3.3,2
297,user_00297,user297@example.com,70,75325,Engineering,2021-02-15,True,3.26,12
298,user_00298,user298@example.com,61,76539,Finance,2020-07-23,True,4.51,5
299,user_00299,user299@example.com,43,32668,Sales,2020-03-19,False,3.23,12
300,user_00300,user300@example.com,49,52486,Finance,2020-05-03,True,4.84,19
301,user_00301,user301@example.com,23,80773,Sales,2021-04-15,True,1.19,19
302,user_00302,user302@example.com,49,57100,Finance,2022-07-28,True,1.39,11
303,user_00303,user303@example.com,72,92220,Marketing,2020-08-05,True,1.18,12
304,user_00304,user304@example.com,21,86669,Sales,2021-05-30,True,1.74,1
305,user_00305,user305@example.com,72,109184,Finance,2021-08-24,False,3.17,15
306,user_00306,user306@example.com,28,98956,Engineering,2020-04-13,False,3.58,5
307,user_00307,user307@example.com,73,80681,Marketing,2021-01-27,True,1.18,18
308,user_00308,user308@example.com,76,93699,Marketing,2021-09-22,False,4.78,12
309,user_00309,user309@example.com,34,100127,Engineering,2021-10-06,False,4.37,16
310,user_00310,user310@example.com,55,62314,Finance,2022-04-03,True,2.19,8
311,user_00311,user311@example.com,41,66766,HR,2021-08-30,True,1.31,16
312,user_00312,user312@example.com,22,72579,Engineering,2022-09-06,True,1.68,1
313,user_00313,user313@example.com,69,63111,Finance,2021-03-09,True,1.51,18
314,user_00314,user314@example.com,51,100392,Engineering,2020-11-26,True,1.49,18
315,user_00315,user315@example.com,23,59317,Engineering,2020-05-22,True,3.07,6
316,user_00316,user316@example.com,39,106291,Sales,2022-03-10,False,1.98,9
317,user_00317,user317@example.com,28,65825,Finance,2021-06-23,True,2.43,9
318,user_00318,user318@example.com,65,86809,HR,2020-10-04,True,4.96,19
319,user_00319,user319@example.com,33,79160,Sales,2020-08-20,True,3.74,8
320,user_00320,user320@example.com,50,50600,Engineering,2021-06-12,False,4.8,16
321,user_00321,user321@example.com,26,74502,Engineering,2021-07-24,False,1.57,14
322,user_00322,user322@example.com,77,83341,Engineering,2020-03-30,True,2.53,1
323,user_00323,user323@example.com,76,73392,Finance,2021-05-06,True,3.22,3
324,user_00324,user324@example.com,23,41432,Finance,2020-07-17,True,1.31,18
325,user_00325,user325@example.com,33,117535,Sales,2020-12-27,True,1.02,16
326,user_00326,user326@example.com,46,77192,HR,2021-03-16,True,3.68,4
327,user_00327,user327@example.com,20,55142,Sales,2020-01-26,True,3.57,6
328,user_00328,user328@example.com,37,115519,Marketing,2020-01-25,True,2.64,17
329,user_00329,user329@example.com,77,90434,Engineering,2021-01-28,True,2.96,6
330,user_00330,user330@example.com,76,44995,Engineering,2021-05-21,True,2.66,16
331,user_00331,user331@example.com,53,48887,Engineering,2020-10-27,True,1.1,6
332,user_00332,user332@example.com,36,69440,Sales,2020-12-04,True,2.34,3
333,user_00333,user333@example.com,43,82432,Sales,2020-09-23,True,1.71,7
334,user_00334,user334@example.com,20,90569,Engineering,2021-04-05,True,1.39,12
335,user_00335,user335@example.com,36,98754,Sales,2021-11-23,True,4.83,3
336,user_00336,user336@example.com,37,88489,Finance,2021-03-31,True,3.4,5
337,user_00337,user337@example.com,49,108668,Finance,2020-12-25,True,3.91,4
338,user_00338,user338@example.com,24,78169,Sales,2020-03-08,True,2.26,11
339,user_00339,user339@example.com,69,56009,Engineering,2022-05-12,True,2.57,3
340,user_00340,user340@example.com,58,74916,Sales,2021-02-15,True,1.95,8
341,user_00341,user341@example.com,50,73275,Sales,2022-08-28,True,1.39,3
342,user_00342,user342@example.com,57,10544,Sales,2021-05-05,False,1.72,18
343,user_00343,user343@example.com,56,60965,Marketing,2022-04-12,True,4.19,13
344,user_00344,user344@example.com,35,82855,Finance,2020-02-18,True,3.71,4
345,user_00345,user345@example.com,57,64394,HR,2021-11-17,False,3.19,17
346,user_00346,user346@example.com,18,58844,HR,2021-07-17,True,2.9,9
347,user_00347,user347@example.com,28,97784,Marketing,2020-04-11,True,4.69,18
348,user_00348,user348@example.com,45,52086,Sales,2020-08-03,True,1.29,11
349,user_00349,user349@example.com,74,92790,Marketing,2021-03-13,True,2.12,17
350,user_00350,user350@example.com,42,41681,Marketing,2021-11-30,True,2.4,16
351,user_00351,user351@example.com,67,144019,Engineering,2021-07-22,True,4.13,10
352,user_00352,user352@example.com,40,69607,Finance,2021-07-12,False,4.97,2
353,user_00353,user353@example.com,48,66918,HR,2020-06-07,False,1.96,16
354,user_00354,user354@example.com,47,103576,Sales,2021-05-03,True,4.5,0
355,user_00355,user355@example.com,59,64532,HR,2021-11-16,True,4.32,14
356,user_00356,user356@example.com,52,111373,HR,2020-08-29,True,1.9,8
357,user_00357,user357@example.com,24,84289,Finance,2022-03-04,False,2.6,14
358,user_00358,user358@example.com,77,72040,HR,2022-01-22,False,2.64,2
359,user_00359,user359@example.com,33,69374,HR,2022-05-31,True,4.91,18
360,user_00360,user360@example.com,43,105189,Marketing,2020-01-05,True,1.72,12
361,user_00361,user361@example.com,65,80762,Finance,2021-08-18,True,4.2,11
362,user_00362,user362@example.com,74,85807,Engineering,2022-03-30,True,2.34,19
363,user_00363,user363@example.com,69,88525,Sales,2020-12-26,True,3.92,0
364,user_00364,user364@example.com,77,78323,HR,2021-04-03,True,2.68,16
365,user_00365,user365@example.com,66,87996,Sales,2020-09-04,True,3.31,12
366,user_00366,user366@example.com,19,72041,Engineering,2021-07-19,True,4.33,0
367,user_00367,user367@example.com,18,73754,Sales,2021-11-03,True,4.22,9
368,user_00368,user368@example.com,65,47022,Engineering,2022-08-03,False,4.47,14
369,user_00369,user369@example.com,79,82444,Marketing,2021-02-25,True,1.24,6
370,user_00370,user370@example.com,29,32011,HR,2022-07-11,True,3.77,17
371,user_00371,user371@example.com,22,82088,Engineering,2022-01-07,True,1.56,15
372,user_00372,user372@example.com,54,67984,Sales,2020-01-15,True,2.66,13
373,user_00373,user373@example.com,49,84364,HR,2022-01-05,True,3.19,17
374,user_00374,user374@example.com,76,48779,Marketing,2021-07-26,True,2.61,6
375,user_00375,user375@example.com,72,22016,HR,2020-05-01,True,3.08,16
376,user_00376,user376@example.com,26,66228,Engineering,2020-10-03,True,4.99,17
377,user_00377,user377@example.com,58,48852,Marketing,2021-07-11,True,1.54,11
378,user_00378,user378@example.com,52,30486,Sales,2021-03-28,True,3.7,7
379,user_00379,user379@example.com,36,94199,Marketing,2021-01-24,True,2.58,1
380,user_00380,user380@example.com,65,115030,Marketing,2020-10-20,True,1.53,6
381,user_00381,user381@example.com,33,55076,Finance,2021-07-27,True,1.63,3
382,user_00382,user382@example.com,20,73105,Marketing,2021-08-20,True,4.8,17
383,user_00383,user383@example.com,37,67305,Marketing,2021-03-21,True,4.52,5
384,user_00384,user384@example.com,41,58527,HR,2020-07-28,True,4.63,8
385,user_00385,user385@example.com,71,91593,Sales,2021-08-12,True,4.97,8
386,user_00386,user386@example.com,73,100253,HR,2021-12-14,True,1.83,13
387,user_00387,user387@example.com,50,53284,HR,2020-10-28,True,2.42,7
388,user_00388,user388@example.com,41,76119,Engineering,2022-06-27,True,3.68,18
389,user_00389,user389@example.com,69,107113,HR,2020-08-10,True,2.94,2
390,user_00390,user390@example.com,28,92225,Finance,2022-01-03,False,2.67,17
391,user_00391,user391@example.com,66,95942,Finance,2020-01-03,True,2.43,4
392,user_00392,user392@example.com,25,109199,Engineering,2022-09-16,True,3.38,13
393,user_00393,user393@example.com,53,108871,Sales,2021-06-01,True,3.3,3
394,user_00394,user394@example.com,55,100716,Sales,2020-04-02,True,1.65,6
395,user_00395,user395@example.com,57,78623,HR,2021-06-03,True,2.89,19
396,user_00396,user396@example.com,37,65437,HR,2021-03-03,True,3.21,11
397,user_00397,user397@example.com,79,77586,HR,2021-05-07,False,3.28,1
398,user_00398,user398@example.com,52,61639,Sales,2020-08-22,True,1.84,10
399,user_00399,user399@example.com,65,26187,Marketing,2021-09-11,True,3.97,13
400,user_00400,user400@example.com,79,68012,Finance,2020-06-09,True,1.1,15
401,user_00401,user401@example.com,42,83938,Marketing,2021-12-21,True,2.42,19
402,user_00402,user402@example.com,52,60318,Marketing,2022-01-21,True,4.12,5
403,user_00403,user403@example.com,42,70180,Sales,2020-11-26,True,3.26,3
404,user_00404,user404@example.com,46,71149,Marketing,2020-11-28,True,2.04,14
405,user_00405,user405@example.com,35,108921,Engineering,2020-02-19,True,3.78,0
406,user_00406,user406@example.com,63,66014,HR,2021-06-06,False,3.27,6
407,user_00407,user407@example.com,35,108915,Engineering,2022-05-12,False,4.18,11
408,user_00408,user408@example.com,19,7187,Finance,2021-10-29,True,3.94,9
409,user_00409,user409@example.com,71,108696,HR,2021-05-06,True,3.44,4
410,user_00410,user410@example.com,52,107435,Marketing,2021-08-04,False,2.95,11
411,user_00411,user411@example.com,33,97556,Finance,2021-11-11,False,1.53,17
412,user_00412,user412@example.com,78,24702,HR,2020-09-28,True,2.05,9
413,user_00413,user413@example.com,58,100472,Marketing,2021-08-02,True,2.68,5
414,user_00414,user414@example.com,53,73747,Engineering,2022-05-16,True,3.4,11
415,user_00415,user415@example.com,50,11766,HR,2020-09-08,True,3.05,6
416,user_00416,user416@example.com,21,107454,Marketing,2021-07-13,False,2.15,17
417,user_00417,user417@example.com,50,111104,Engineering,2021-11-26,True,1.03,1
418,user_00418,user418@example.com,31,27387,Finance,2022-04-11,False,2.98,9
419,user_00419,user419@example.com,38,79385,Finance,2021-11-29,True,2.14,14
420,user_00420,user420@example.com,65,109714,Finance,2020-03-30,False,3.94,11
421,user_00421,user421@example.com,37,105754,Finance,2021-03-21,True,1.1,16
422,user_00422,user422@example.com,73,95901,Sales,2020-11-27,True,3.34,3
423,user_00423,user423@example.com,25,8818,HR,2020-05-18,True,4.77,6
424,user_00424,user424@example.com,24,93238,HR,2020-12-22,True,1.7,8
425,user_00425,user425@example.com,20,69547,Sales,2021-08-23,True,2.89,18
426,user_00426,user426@example.com,34,99896,Marketing,2020-09-30,False,1.37,6
427,user_00427,user427@example.com,50,81404,Marketing,2020-01-19,True,3.5,1
428,user_00428,user428@example.com,65,74502,Finance,2022-09-09,False,3.2,5
429,user_00429,user429@example.com,29,91022,Engineering,2020-11-06,False,2.63,17
430,user_00430,user430@example.com,76,70702,Marketing,2022-05-19,True,3.09,5
431,user_00431,user431@example.com,68,74393,Engineering,2022-06-04,True,4.59,12
432,user_00432,user432@example.com,39,61119,HR,2022-09-04,True,1.79,18
433,user_00433,user433@example.com,72,34864,Engineering,2020-06-02,True,1.09,1
434,user_00434,user434@example.com,39,89196,HR,2021-01-24,True,4.45,11
435,user_00435,user435@example.com,63,54849,Sales,2020-09-16,True,3.31,14
436,user_00436,user436@example.com,47,69980,Sales,2021-09-11,True,4.56,13
437,user_00437,user437@example.com,55,82174,Finance,2022-06-01,True,3.39,5
438,user_00438,user438@example.com,55,22869,Marketing,2022-03-07,True,4.24,17
439,user_00439,user439@example.com,62,28466,Finance,2021-07-24,True,2.72,4
440,user_00440,user440@example.com,68,67506,HR,2020-05-04,False,4.0,17
441,user_00441,user441@example.com,71,86364,Finance,2020-12-19,True,4.65,2
442,user_00442,user442@example.com,25,93600,Engineering,2020-09-29,False,3.29,2
443,user_00443,user443@example.com,44,35217,HR,2021-09-10,True,1.72,9
444,user_00444,user444@example.com,44,90915,Sales,2022-03-21,True,2.08,18
445,user_00445,user445@example.com,51,68873,Marketing,2020-09-01,True,1.79,2
446,user_00446,user446@example.com,38,52921,HR,2022-04-27,True,1.99,11
447,user_00447,user447@example.com,47,58786,HR,2021-03-25,True,2.23,15
448,user_00448,user448@example.com,50,95046,Engineering,2022-07-18,True,3.22,16
449,user_00449,user449@example.com,45,81850,Marketing,2020-09-03,True,3.35,6
450,user_00450,user450@example.com,64,76257,Sales,2021-06-03,True,2.71,12
451,user_00451,user451@example.com,50,81087,HR,2020-05-20,True,3.46,1
452,user_00452,user452@example.com,22,98202,HR,2020-12-27,True,1.33,3
453,user_00453,user453@example.com,77,72572,Engineering,2020-01-08,True,1.35,9
454,user_00454,user454@example.com,78,76357,Finance,2021-04-22,True,1.69,6
455,user_00455,user455@example.com,65,103454,Sales,2020-12-17,True,3.07,16
456,user_00456,user456@example.com,36,66710,Marketing,2022-09-22,True,1.86,19
457,user_00457,user457@example.com,21,90453,HR,2021-05-09,True,2.13,5
458,user_00458,user458@example.com,52,62407,HR,2021-08-28,False,2.6,18
459,user_00459,user459@example.com,66,64603,Sales,2022-04-12,True,4.25,4
460,user_00460,user460@example.com,34,72398,Finance,2021-03-02,True,1.06,9
461,user_00461,user461@example.com,61,87881,HR,2020-02-08,True,3.6,8
462,user_00462,user462@example.com,45,104854,Sales,2021-08-15,True,3.68,12
463,user_00463,user463@example.com,47,77413,Engineering,2020-07-05,True,4.19,18
464,user_00464,user464@example.com,46,37504,Finance,2021-08-18,True,4.73,5
465,user_00465,user465@example.com,63,90786,Marketing,2021-08-22,True,1.08,3
466,user_00466,user466@example.com,70,136346,HR,2022-01-23,True,1.62,2
467,user_00467,user467@example.com,23,77716,Sales,2022-05-03,True,4.54,2
468,user_00468,user468@example.com,52,32280,Engineering,2020-04-02,True,2.83,3
469,user_00469,user469@example.com,77,79241,Marketing,2020-03-26,True,3.26,4
470,user_00470,user470@example.com,58,74924,Sales,2020-02-13,True,3.65,7
471,user_00471,user471@example.com,54,72822,Sales,2020-05-16,True,3.72,15
472,user_00472,user472@example.com,41,98635,Marketing,2021-02-24,True,4.73,2
473,user_00473,user473@example.com,46,109456,Engineering,2020-03-14,True,4.99,11
474,user_00474,user474@example.com,66,92089,Engineering,2021-07-01,True,3.88,7
475,user_00475,user475@example.com,63,71673,Finance,2021-09-04,True,2.15,12
476,user_00476,user476@example.com,70,103141,HR,2022-09-14,True,4.52,3
477,user_00477,user477@example.com,48,37654,Marketing,2021-05-26,True,1.2,13
478,user_00478,user478@example.com,52,57098,Marketing,2020-06-04,True,1.92,13
479,user_00479,user479@example.com,77,59884,Marketing,2022-07-26,True,4.59,12
480,user_00480,user480@example.com,50,74226,Engineering,2020-09-11,True,2.02,5
481,user_00481,user481@example.com,69,87668,HR,2020-06-19,True,1.88,16
482,user_00482,user482@example.com,78,69982,Finance,2022-09-07,True,1.55,3
483,user_00483,user483@example.com,38,52349,Sales,2021-12-28,False,4.44,7
484,user_00484,user484@example.com,49,99371,Sales,2020-06-18,True,3.0,16
485,user_00485,user485@example.com,40,69113,Marketing,2022-02-02,True,3.7,2
486,user_00486,user486@example.com,50,77553,HR,2022-05-21,True,1.96,16
487,user_00487,user487@example.com,20,88776,Engineering,2020-11-17,False,4.03,8
488,user_00488,user488@example.com,35,75971,HR,2021-07-20,False,4.04,1
489,user_00489,user489@example.com,42,76081,HR,2021-03-31,True,2.25,12
490,user_00490,user490@example.com,59,100761,Engineering,2022-08-01,True,2.64,19
491,user_00491,user491@example.com,48,78784,Marketing,2021-08-25,True,1.84,1
492,user_00492,user492@example.com,71,96569,HR,2022-02-28,True,4.91,19
493,user_00493,user493@example.com,75,88616,Sales,2021-09-04,True,3.58,10
494,user_00494,user494@example.com,20,125422,Engineering,2020-06-03,True,4.74,14
495,user_00495,user495@example.com,57,85235,Finance,2022-06-07,True,2.21,10
496,user_00496,user496@example.com,63,90949,Marketing,2020-12-14,True,4.13,2
497,user_00497,user497@example.com,41,102541,Engineering,2021-03-26,False,4.06,2
498,user_00498,user498@example.com,67,76590,Finance,2022-05-25,True,3.77,11
499,user_00499,user499@example.com,49,59053,Finance,2021-10-14,True,4.86,4
500,user_00500,user500@example.com,64,63146,HR,2020-06-21,True,2.57,19
501,user_00501,user501@example.com,39,63387,HR,2020-01-10,True,1.52,6
502,user_00502,user502@example.com,40,51241,HR,2022-01-09,True,3.69,6
503,user_00503,user503@example.com,19,82945,Engineering,2020-09-21,True,3.92,12
504,user_00504,user504@example.com,44,59262,Engineering,2021-03-13,False,3.3,8
505,user_00505,user505@example.com,59,79871,Marketing,2022-01-29,True,1.83,12
506,user_00506,user506@example.com,19,71033,HR,2020-09-03,True,3.02,11
507,user_00507,user507@example.com,43,73959,Finance,2021-10-28,True,2.25,12
508,user_00508,user508@example.com,34,88901,Sales,2021-06-29,True,2.71,9
509,user_00509,user509@example.com,57,61452,Marketing,2021-05-13,True,3.58,0
510,user_00510,user510@example.com,50,90972,Engineering,2020-05-08,True,3.98,7
511,user_00511,user511@example.com,26,114182,Marketing,2021-11-02,True,1.93,15
512,user_00512,user512@example.com,60,83577,Marketing,2021-08-23,True,2.62,12
513,user_00513,user513@example.com,71,55447,Marketing,2021-08-27,True,2.08,2
514,user_00514,user514@example.com,65,59624,Marketing,2020-11-22,True,1.79,2
515,user_00515,user515@example.com,56,68793,Sales,2022-01-22,True,4.13,4
516,user_00516,user516@example.com,46,60127,HR,2022-04-14,True,4.64,10
517,user_00517,user517@example.com,59,50220,Finance,2022-09-06,True,2.48,6
518,user_00518,user518@example.com,72,78860,Marketing,2021-02-07,True,4.01,9
519,user_00519,user519@example.com,43,69470,Marketing,2021-09-20,True,4.59,9
520,user_00520,user520@example.com,52,79743,Marketing,2021-08-28,True,4.38,19
521,user_00521,user521@example.com,67,104659,HR,2021-11-05,True,1.73,1
522,user_00522,user522@example.com,42,69091,Engineering,2021-09-02,False,4.83,2
523,user_00523,user523@example.com,41,45364,Engineering,2021-09-16,False,2.51,7
524,user_00524,user524@example.com,30,65027,Sales,2020-12-24,True,2.36,10
525,user_00525,user525@example.com,77,94260,Engineering,2021-08-25,True,1.25,12
526,user_00526,user526@example.com,75,91919,Marketing,2022-05-07,True,2.94,6
527,user_00527,user527@example.com,24,87965,Marketing,2021-12-18,True,1.44,12
528,user_00528,user528@example.com,74,59382,Marketing,2020-01-17,True,1.99,1
529,user_00529,user529@example.com,53,93797,Sales,2020-09-30,True,2.27,5
530,user_00530,user530@example.com,62,99422,Marketing,2021-11-15,True,4.24,8
531,user_00531,user531@example.com,37,57614,Engineering,2020-04-25,True,4.5,19
532,user_00532,user532@example.com,18,73960,HR,2022-05-10,True,2.21,1
533,user_00533,user533@example.com,25,125510,HR,2022-09-06,True,4.43,17
534,user_00534,user534@example.com,63,56503,Finance,2021-11-23,True,4.43,15
535,user_00535,user535@example.com,33,32372,Engineering,2020-03-31,True,4.06,11
536,user_00536,user536@example.com,31,109572,Marketing,2020-03-22,True,1.59,6
537,user_00537,user537@example.com,29,103415,HR,2020-11-19,False,3.76,6
538,user_00538,user538@example.com,68,63575,Engineering,2022-08-18,True,4.78,16
539,user_00539,user539@example.com,40,72175,HR,2020-04-23,True,3.73,12
540,user_00540,user540@example.com,32,44376,Marketing,2022-02-07,True,2.33,10
541,user_00541,user541@example.com,45,77223,HR,2020-02-27,False,3.0,5
542,user_00542,user542@example.com,51,104147,Finance,2020-06-02,True,3.58,13
543,user_00543,user543@example.com,19,61434,Finance,2022-05-26,True,3.04,5
544,user_00544,user544@example.com,49,96927,HR,2021-02-07,True,1.48,5
545,user_00545,user545@example.com,40,86593,Engineering,2021-09-19,True,2.25,1
546,user_00546,user546@example.com,39,89445,Engineering,2022-05-04,True,4.21,19
547,user_00547,user547@example.com,68,62892,Engineering,2020-09-22,True,4.45,14
548,user_00548,user548@example.com,42,66134,HR,2020-11-10,True,1.55,16
549,user_00549,user549@example.com,75,28830,Engineering,2021-12-15,True,4.81,7
550,user_00550,user550@example.com,79,60833,Marketing,2020-02-10,False,2.32,4
551,user_00551,user551@example.com,78,104087,Finance,2020-04-14,True,3.65,16
552,user_00552,user552@example.com,39,51766,Marketing,2022-06-19,True,4.01,19
553,user_00553,user553@example.com,75,55492,Engineering,2022-06-08,True,4.25,0
554,user_00554,user554@example.com,75,91004,Marketing,2020-07-11,True,4.78,17
555,user_00555,user555@example.com,39,85069,Engineering,2021-02-04,False,2.25,14
556,user_00556,user556@example.com,66,92246,HR,2020-10-04,True,4.43,4
557,user_00557,user557@example.com,69,45919,Marketing,2020-12-19,True,1.53,6
558,user_00558,user558@example.com,59,139101,HR,2022-01-18,True,3.82,17
559,user_00559,user559@example.com,23,44606,HR,2022-07-25,True,3.97,5
560,user_00560,user560@example.com,32,78856,Sales,2022-01-02,True,3.71,4
561,user_00561,user561@example.com,71,71033,Engineering,2021-08-02,True,2.01,18
562,user_00562,user562@example.com,60,45333,Finance,2021-12-09,True,4.49,9
563,user_00563,user563@example.com,77,65744,Engineering,2020-09-12,False,1.68,14
564,user_00564,user564@example.com,54,75582,Finance,2021-10-12,True,1.21,9
565,user_00565,user565@example.com,50,58750,Engineering,2022-04-03,True,3.87,15
566,user_00566,user566@example.com,25,98430,HR,2022-08-04,True,2.9,11
567,user_00567,user567@example.com,70,70959,Marketing,2021-10-22,True,4.4,17
568,user_00568,user568@example.com,77,41468,Marketing,2020-04-08,True,2.53,0
569,user_00569,user569@example.com,61,39346,Sales,2021-08-10,True,1.67,15
570,user_00570,user570@example.com,61,90154,Finance,2020-10-08,True,4.35,5
571,user_00571,user571@example.com,22,37830,Finance,2022-06-01,True,3.2,2
572,user_00572,user572@example.com,56,82910,Finance,2021-02-06,True,1.76,1
573,user_00573,user573@example.com,21,86116,HR,2020-04-18,False,3.88,1
574,user_00574,user574@example.com,23,50116,Finance,2021-11-30,True,3.04,12
575,user_00575,user575@example.com,62,97268,Marketing,2020-07-17,True,3.42,8
576,user_00576,user576@example.com,49,32055,HR,2020-10-29,True,2.84,15
577,user_00577,user577@example.com,69,82411,Engineering,2020-11-22,True,4.31,4
578,user_00578,user578@example.com,47,73978,Finance,2020-06-02,True,4.32,6
579,user_00579,user579@example.com,64,72025,Finance,2021-07-05,True,3.84,12
580,user_00580,user580@example.com,52,45552,Engineering,2021-10-06,True,1.42,19
581,user_00581,user581@example.com,72,51574,Finance,2021-02-08,True,4.36,12
582,user_00582,user582@example.com,57,115470,Engineering,2021-04-06,True,3.68,6
583,user_00583,user583@example.com,69,105378,HR,2020-05-11,True,3.79,9
584,user_00584,user584@example.com,33,93552,Marketing,2022-03-01,True,2.45,14
585,user_00585,user585@example.com,30,98496,Engineering,2022-05-23,True,4.52,5
586,user_00586,user586@example.com,67,96150,Sales,2020-03-24,True,3.9,4
587,user_00587,user587@example.com,77,66916,Engineering,2021-02-02,True,1.45,1
588,user_00588,user588@example.com,59,76190,Finance,2022-01-23,True,2.63,14
589,user_00589,user589@example.com,47,38187,HR,2021-09-19,True,4.55,15
590,user_00590,user590@example.com,36,72757,HR,2020-04-18,True,1.19,18
591,user_00591,user591@example.com,34,104585,Engineering,2020-08-08,True,4.85,8
592,user_00592,user592@example.com,73,58482,Marketing,2022-06-22,True,3.72,18
593,user_00593,user593@example.com,36,100578,Sales,2021-07-06,True,3.53,6
594,user_00594,user594@example.com,45,77289,HR,2021-01-02,True,2.08,3
595,user_00595,user595@example.com,75,40365,Finance,2020-05-26,True,2.0,2
596,user_00596,user596@example.com,72,47317,Finance,2020-04-21,True,4.77,19
597,user_00597,user597@example.com,43,97982,Marketing,2021-09-06,True,2.19,10
598,user_00598,user598@example.com,54,88813,HR,2021-07-11,True,4.1,0
599,user_00599,user599@example.com,43,77544,Engineering,2022-07-12,True,2.57,5
600,user_00600,user600@example.com,70,68149,Finance,2021-05-08,False,1.56,10
601,user_00601,user601@example.com,79,80264,Marketing,2021-05-19,True,1.04,0
602,user_00602,user602@example.com,40,97007,HR,2021-04-19,True,3.18,6
603,user_00603,user603@example.com,26,111896,HR,2022-04-15,True,4.9,5
604,user_00604,user604@example.com,29,113092,HR,2022-06-08,True,2.48,13
605,user_00605,user605@example.com,70,84298,HR,2020-09-27,True,2.43,1
606,user_00606,user606@example.com,18,70701,HR,2022-09-21,True,2.38,3
607,user_00607,user607@example.com,75,78656,Finance,2021-02-24,True,3.08,10
608,user_00608,user608@example.com,75,88053,Marketing,2022-06-15,True,2.76,14
609,user_00609,user609@example.com,18,87951,HR,2021-12-07,True,4.52,17
610,user_00610,user610@example.com,64,107699,Sales,2021-01-01,False,3.02,0
611,user_00611,user611@example.com,51,127893,Sales,2020-10-06,True,3.03,2
612,user_00612,user612@example.com,49,69868,Marketing,2020-10-09,False,1.55,2
613,user_00613,user613@example.com,79,128897,Engineering,2020-02-09,True,4.93,6
614,user_00614,user614@example.com,71,104305,Engineering,2022-08-16,True,2.0,0
615,user_00615,user615@example.com,65,72479,Engineering,2020-07-07,True,1.29,10
616,user_00616,user616@example.com,42,112464,Sales,2020-06-12,True,3.65,5
617,user_00617,user617@example.com,57,117141,Engineering,2022-09-20,True,3.38,19
618,user_00618,user618@example.com,62,63492,Finance,2022-09-15,False,2.66,2
619,user_00619,user619@example.com,70,118305,HR,2021-06-19,False,2.69,18
620,user_00620,user620@example.com,18,101877,Sales,2021-06-19,True,4.14,1
621,user_00621,user621@example.com,33,134213,Marketing,2020-01-04,True,1.78,17
622,user_00622,user622@example.com,78,64399,Marketing,2022-04-14,True,4.28,11
623,user_00623,user623@example.com,56,66164,HR,2020-10-16,False,3.59,9
624,user_00624,user624@example.com,22,24333,Sales,2022-08-10,True,2.68,4
625,user_00625,user625@example.com,39,89279,Engineering,2021-03-08,True,2.83,8
626,user_00626,user626@example.com,46,84381,Engineering,2021-04-15,True,2.03,1
627,user_00627,user627@example.com,72,60925,Finance,2020-06-29,True,4.01,1
628,user_00628,user628@example.com,20,72953,Finance,2020-09-04,False,3.05,5
629,user_00629,user629@example.com,29,42219,Engineering,2021-09-19,True,2.28,9
630,user_00630,user630@example.com,43,104961,Marketing,2020-10-05,True,3.38,17
631,user_00631,user631@example.com,33,62757,Marketing,2022-05-26,True,4.98,11
632,user_00632,user632@example.com,68,152351,Finance,2021-08-03,True,2.74,3
633,user_00633,user633@example.com,54,70609,HR,2022-05-12,True,4.68,16
634,user_00634,user634@example.com,39,56009,Engineering,2020-09-10,True,2.38,14
635,user_00635,user635@example.com,74,64692,Finance,2020-06-29,True,1.22,5
636,user_00636,user636@example.com,46,39700,Finance,2022-04-09,False,1.82,15
637,user_00637,user637@example.com,31,87056,Engineering,2021-11-11,True,2.67,16
638,user_00638,user638@example.com,45,64502,Engineering,2022-04-04,True,1.88,2
639,user_00639,user639@example.com,22,103281,Marketing,2021-05-23,False,1.0,9
640,user_00640,user640@example.com,64,68131,HR,2022-01-30,True,4.66,4
641,user_00641,user641@example.com,66,109611,HR,2021-11-30,True,4.38,13
642,user_00642,user642@example.com,47,93936,Engineering,2021-07-19,True,3.97,12
643,user_00643,user643@example.com,63,75714,Sales,2020-11-21,True,1.67,5
644,user_00644,user644@example.com,79,114505,Finance,2020-12-22,True,1.48,11
645,user_00645,user645@example.com,69,98807,Finance,2022-04-04,False,1.27,7
646,user_00646,user646@example.com,22,148655,Engineering,2021-10-11,True,3.9,4
647,user_00647,user647@example.com,29,64763,Sales,2021-11-10,True,4.72,14
648,user_00648,user648@example.com,33,76915,Marketing,2021-01-25,True,2.72,15
649,user_00649,user649@example.com,43,114217,Engineering,2021-09-06,True,1.48,0
650,user_00650,user650@example.com,43,36411,Engineering,2022-07-22,True,3.05,15
651,user_00651,user651@example.com,65,107923,Finance,2020-03-25,True,2.4,4
652,user_00652,user652@example.com,38,85982,Engineering,2020-11-12,True,2.5,2
653,user_00653,user653@example.com,56,52794,Engineering,2020-07-30,True,3.49,19
654,user_00654,user654@example.com,53,40924,Engineering,2021-05-29,False,3.87,14
655,user_00655,user655@example.com,50,58187,Finance,2021-01-18,True,1.44,12
656,user_00656,user656@example.com,79,17879,Marketing,2021-11-21,True,1.14,15
657,user_00657,user657@example.com,47,62761,Marketing,2020-12-07,True,4.98,10
658,user_00658,user658@example.com,54,90563,Engineering,2022-03-25,True,1.93,1
659,user_00659,user659@example.com,40,63092,Finance,2022-08-21,True,1.22,5
660,user_00660,user660@example.com,75,109707,Marketing,2022-09-14,True,1.76,5
661,user_00661,user661@example.com,27,116498,Marketing,2022-04-23,True,1.16,13
662,user_00662,user662@example.com,71,106891,Marketing,2020-02-07,True,2.57,10
663,user_00663,user663@example.com,22,80766,Finance,2021-05-25,False,4.21,7
664,user_00664,user664@example.com,53,16883,Finance,2021-02-23,False,2.36,7
665,user_00665,user665@example.com,51,57407,Engineering,2022-01-20,False,2.78,0
666,user_00666,user666@example.com,69,71449,HR,2020-06-17,True,3.7,6
667,user_00667,user667@example.com,48,52653,Marketing,2022-08-22,True,3.04,5
668,user_00668,user668@example.com,27,71512,HR,2022-06-27,True,4.45,7
669,user_00669,user669@example.com,75,115251,Finance,2020-12-08,True,4.46,18
670,user_00670,user670@example.com,36,33855,Finance,2022-04-05,True,1.04,19
671,user_00671,user671@example.com,75,120292,Finance,2020-11-01,True,4.11,7
672,user_00672,user672@example.com,49,97118,HR,2021-06-25,True,2.84,13
673,user_00673,user673@example.com,18,81705,Finance,2021-12-02,True,4.96,17
674,user_00674,user674@example.com,73,57159,Engineering,2022-05-18,True,2.93,15
675,user_00675,user675@example.com,22,53151,Finance,2021-06-20,True,4.95,8
676,user_00676,user676@example.com,62,34344,Sales,2020-04-21,True,4.02,14
677,user_00677,user677@example.com,21,117919,HR,2021-02-14,True,1.99,9
678,user_00678,user678@example.com,33,113440,Sales,2022-08-04,True,3.15,15
679,user_00679,user679@example.com,41,39842,Finance,2020-07-24,True,4.97,3
680,user_00680,user680@example.com,33,61184,Engineering,2020-07-03,True,4.43,19
681,user_00681,user681@example.com,72,85828,Marketing,2021-01-16,True,1.39,12
682,user_00682,user682@example.com,19,67512,Finance,2021-05-10,True,3.83,4
683,user_00683,user683@example.com,66,27033,Engineering,2021-01-13,True,2.38,6
684,user_00684,user684@example.com,45,58555,HR,2020-02-16,True,1.03,8
685,user_00685,user685@example.com,49,123775,Sales,2022-06-04,False,2.61,7
686,user_00686,user686@example.com,44,60250,Sales,2022-01-09,True,1.94,15
687,user_00687,user687@example.com,37,70913,Sales,2021-07-04,True,4.28,5
688,user_00688,user688@example.com,41,46370,HR,2021-06-11,True,2.35,15
689,user_00689,user689@example.com,29,89694,Engineering,2021-05-18,False,4.31,5
690,user_00690,user690@example.com,67,77878,HR,2020-01-22,True,1.0,13
691,user_00691,user691@example.com,52,56449,Sales,2020-07-31,True,2.23,0
692,user_00692,user692@example.com,77,42383,Finance,2020-11-05,True,1.96,8
693,user_00693,user693@example.com,50,110113,Marketing,2021-10-22,False,1.93,12
694,user_00694,user694@example.com,50,34861,HR,2022-08-25,True,1.27,18
695,user_00695,user695@example.com,78,87595,HR,2022-01-22,True,1.75,16
696,user_00696,user696@example.com,68,21153,Engineering,2020-09-28,True,3.22,10
697,user_00697,user697@example.com,60,92680,Engineering,2021-07-24,True,2.17,7
698,user_00698,user698@example.com,54,99257,HR,2022-03-09,True,2.67,4
699,user_00699,user699@example.com,29,102369,Sales,2022-07-26,True,2.51,9
700,user_00700,user700@example.com,20,70969,Marketing,2020-07-20,True,4.5,6
701,user_00701,user701@example.com,18,114600,Engineering,2020-02-01,True,4.62,9
702,user_00702,user702@example.com,50,132694,Sales,2021-03-18,True,2.97,3
703,user_00703,user703@example.com,57,66959,Finance,2020-06-10,False,2.32,8
704,user_00704,user704@example.com,27,63724,Engineering,2022-02-05,True,1.43,13
705,user_00705,user705@example.com,60,78729,Sales,2020-09-10,True,4.81,1
706,user_00706,user706@example.com,61,63057,Sales,2021-06-04,True,1.24,8
707,user_00707,user707@example.com,46,59403,Marketing,2022-09-03,True,2.19,0
708,user_00708,user708@example.com,30,61581,Marketing,2021-10-12,True,2.19,9
709,user_00709,user709@example.com,29,117893,Finance,2021-04-24,True,2.28,9
710,user_00710,user710@example.com,48,94297,Sales,2020-01-10,True,1.66,19
711,user_00711,user711@example.com,63,62976,Sales,2021-12-26,True,4.13,2
712,user_00712,user712@example.com,19,13621,Marketing,2021-05-19,True,1.49,5
713,user_00713,user713@example.com,78,36388,Engineering,2022-02-23,True,3.54,5
714,user_00714,user714@example.com,68,87585,Engineering,2022-04-15,True,1.5,1
715,user_00715,user715@example.com,67,21961,HR,2021-07-13,False,1.28,17
716,user_00716,user716@example.com,52,82324,Marketing,2021-03-11,True,4.64,1
717,user_00717,user717@example.com,40,48360,HR,2020-04-20,False,1.76,11
718,user_00718,user718@example.com,34,77295,Marketing,2020-06-01,True,4.29,4
719,user_00719,user719@example.com,43,76596,Finance,2021-09-26,False,3.18,19
720,user_00720,user720@example.com,25,78014,Sales,2022-07-05,True,1.31,6
721,user_00721,user721@example.com,46,65139,Finance,2022-05-18,True,4.82,15
722,user_00722,user722@example.com,43,64317,Marketing,2020-04-11,True,1.99,19
723,user_00723,user723@example.com,27,56980,Sales,2022-01-22,True,4.44,0
724,user_00724,user724@example.com,43,87097,Engineering,2022-04-12,True,1.68,0
725,user_00725,user725@example.com,79,95129,Engineering,2020-07-09,True,4.42,16
726,user_00726,user726@example.com,51,44525,HR,2021-12-29,True,1.05,0
727,user_00727,user727@example.com,68,73709,Marketing,2021-07-16,True,3.05,19
728,user_00728,user728@example.com,58,79914,Marketing,2022-03-14,True,4.08,12
729,user_00729,user729@example.com,24,79594,Engineering,2020-03-21,True,4.74,8
730,user_00730,user730@example.com,21,79169,Finance,2021-05-03,True,4.64,14
731,user_00731,user731@example.com,75,64949,Sales,2022-06-13,True,4.28,2
732,user_00732,user732@example.com,70,81975,Finance,2020-03-28,True,4.55,13
733,user_00733,user733@example.com,67,90450,Finance,2020-07-12,True,1.8,10
734,user_00734,user734@example.com,62,78525,Engineering,2020-04-13,True,2.14,11
735,user_00735,user735@example.com,28,87648,Engineering,2022-02-21,True,2.16,12
736,user_00736,user736@example.com,46,99758,Engineering,2020-04-05,True,2.51,12
737,user_00737,user737@example.com,73,28726,HR,2021-02-26,True,2.57,0
738,user_00738,user738@example.com,53,98586,Finance,2022-06-09,True,3.18,9
739,user_00739,user739@example.com,42,83560,Marketing,2020-07-16,True,1.64,2
740,user_00740,user740@example.com,38,47209,Sales,2020-01-01,True,3.76,3
741,user_00741,user741@example.com,78,95061,HR,2021-02-10,True,1.67,15
742,user_00742,user742@example.com,74,65041,Marketing,2021-01-12,True,2.24,7
743,user_00743,user743@example.com,53,68450,Finance,2020-06-15,True,3.01,15
744,user_00744,user744@example.com,27,62308,Engineering,2021-05-23,True,4.19,16
745,user_00745,user745@example.com,54,82559,Finance,2021-09-29,True,3.96,18
746,user_00746,user746@example.com,26,55366,Sales,2020-11-08,True,3.58,14
747,user_00747,user747@example.com,41,97536,HR,2021-08-15,True,1.62,15
748,user_00748,user748@example.com,52,71528,HR,2021-02-21,True,3.19,14
749,user_00749,user749@example.com,66,65894,Sales,2022-02-01,True,1.35,1
750,user_00750,user750@example.com,52,93821,Marketing,2021-11-11,False,2.51,10
751,user_00751,user751@example.com,65,67011,Marketing,2021-04-21,True,2.65,0
752,user_00752,user752@example.com,53,98704,HR,2020-03-13,False,1.16,14
753,user_00753,user753@example.com,35,99489,HR,2020-05-20,True,2.1,18
754,user_00754,user754@example.com,66,41629,Engineering,2021-08-04,True,4.82,3
755,user_00755,user755@example.com,56,102731,Marketing,2020-09-18,True,4.81,10
756,user_00756,user756@example.com,49,38449,Sales,2020-12-05,True,2.41,4
757,user_00757,user757@example.com,41,104289,Marketing,2020-11-03,True,1.17,2
758,user_00758,user758@example.com,40,125708,Engineering,2020-09-01,True,1.72,12
759,user_00759,user759@example.com,79,96870,HR,2021-05-29,True,2.57,9
760,user_00760,user760@example.com,49,21075,HR,2020-12-02,False,4.79,10
761,user_00761,user761@example.com,54,101589,Engineering,2021-07-28,True,1.56,17
762,user_00762,user762@example.com,29,131153,Sales,2021-07-14,True,4.05,1
763,user_00763,user763@example.com,66,67424,HR,2020-03-16,True,1.43,6
764,user_00764,user764@example.com,72,74132,Finance,2022-05-29,True,4.93,8
765,user_00765,user765@example.com,30,45287,HR,2020-06-23,True,2.53,9
766,user_00766,user766@example.com,40,82801,Finance,2020-04-18,True,4.1,17
767,user_00767,user767@example.com,42,106729,Engineering,2020-07-01,False,2.37,6
768,user_00768,user768@example.com,52,92443,Engineering,2020-07-10,True,3.51,6
769,user_00769,user769@example.com,58,153549,HR,2020-03-05,True,1.77,2
770,user_00770,user770@example.com,47,75825,Marketing,2022-04-28,True,1.58,11
771,user_00771,user771@example.com,34,34233,Finance,2022-08-20,True,4.75,6
772,user_00772,user772@example.com,66,79274,Sales,2021-04-18,True,4.67,16
773,user_00773,user773@example.com,79,14588,HR,2022-02-21,True,4.55,0
774,user_00774,user774@example.com,37,61672,Sales,2020-04-09,True,3.5,4
775,user_00775,user775@example.com,65,115609,HR,2021-06-27,True,4.23,15
776,user_00776,user776@example.com,42,83128,Marketing,2022-05-13,True,1.28,14
777,user_00777,user777@example.com,39,79485,Marketing,2020-05-07,True,2.34,1
778,user_00778,user778@example.com,30,120519,Marketing,2021-03-27,True,2.25,8
779,user_00779,user779@example.com,76,68235,Marketing,2022-07-02,True,3.54,6
780,user_00780,user780@example.com,36,106545,Engineering,2021-01-03,True,2.42,3
781,user_00781,user781@example.com,66,78232,Engineering,2022-04-30,True,1.59,19
782,user_00782,user782@example.com,53,84501,Finance,2020-02-12,True,3.39,17
783,user_00783,user783@example.com,29,44567,Sales,2022-06-02,True,4.26,3
784,user_00784,user784@example.com,78,62948,HR,2021-02-22,True,2.53,12
785,user_00785,user785@example.com,58,40062,HR,2021-05-02,True,1.53,0
786,user_00786,user786@example.com,36,72618,Engineering,2020-03-18,True,1.79,2
787,user_00787,user787@example.com,29,84760,HR,2022-04-05,True,1.95,15
788,user_00788,user788@example.com,26,47249,Engineering,2022-03-11,True,2.2,3
789,user_00789,user789@example.com,24,126229,Finance,2020-09-26,True,3.57,15
790,user_00790,user790@example.com,45,81952,Sales,2021-11-04,True,3.4,18
791,user_00791,user791@example.com,31,76444,Finance,2021-12-01,False,3.78,0
792,user_00792,user792@example.com,48,94241,Marketing,2022-01-28,True,2.45,4
793,user_00793,user793@example.com,69,54276,Marketing,2022-06-18,True,4.3,18
794,user_00794,user794@example.com,36,79086,Marketing,2021-12-28,True,1.82,10
795,user_00795,user795@example.com,75,57078,Finance,2020-11-10,True,2.88,12
796,user_00796,user796@example.com,64,113966,HR,2022-07-13,False,4.2,19
797,user_00797,user797@example.com,33,48534,Sales,2022-04-30,True,1.72,4
798,user_00798,user798@example.com,70,76579,Marketing,2022-06-20,False,1.44,3
799,user_00799,user799@example.com,22,83232,Marketing,2022-06-07,False,4.53,3
800,user_00800,user800@example.com,52,84870,Marketing,2022-09-19,False,2.37,3
801,user_00801,user801@example.com,29,60469,Sales,2022-08-02,True,3.74,3
802,user_00802,user802@example.com,42,52612,Marketing,2020-06-16,True,1.1,19
803,user_00803,user803@example.com,69,60830,Sales,2020-12-04,True,3.76,17
804,user_00804,user804@example.com,76,88208,Marketing,2020-07-11,True,2.26,17
805,user_00805,user805@example.com,38,71403,Finance,2021-03-28,True,1.22,15
806,user_00806,user806@example.com,53,94905,Finance,2020-10-09,True,3.44,8
807,user_00807,user807@example.com,70,86925,Sales,2020-12-01,True,1.96,17
808,user_00808,user808@example.com,40,18077,Finance,2021-01-24,True,2.55,1
809,user_00809,user809@example.com,33,81187,Sales,2022-09-26,True,1.32,3
810,user_00810,user810@example.com,74,131261,Finance,2021-06-08,True,1.59,11
811,user_00811,user811@example.com,56,108131,Finance,2020-08-27,True,2.19,6
812,user_00812,user812@example.com,62,85550,Sales,2022-04-11,True,1.36,14
813,user_00813,user813@example.com,70,48515,HR,2022-08-15,True,4.64,6
814,user_00814,user814@example.com,59,86938,Finance,2021-04-27,True,1.02,16
815,user_00815,user815@example.com,75,93493,Marketing,2021-10-20,True,2.94,15
816,user_00816,user816@example.com,56,68656,HR,2021-12-16,False,1.49,18
817,user_00817,user817@example.com,31,82918,Sales,2021-08-14,True,2.23,8
818,user_00818,user818@example.com,48,112741,HR,2022-06-09,True,4.7,13
819,user_00819,user819@example.com,75,53568,Engineering,2021-07-08,True,1.65,16
820,user_00820,user820@example.com,22,48542,Engineering,2021-04-02,True,4.86,4
821,user_00821,user821@example.com,52,92317,Finance,2020-03-29,True,1.82,1
822,user_00822,user822@example.com,40,86438,Finance,2021-10-21,True,3.97,19
823,user_00823,user823@example.com,46,100720,Marketing,2020-04-04,True,3.19,15
824,user_00824,user824@example.com,60,89244,HR,2021-03-27,True,4.54,13
825,user_00825,user825@example.com,28,60806,Engineering,2021-03-03,True,3.22,13
826,user_00826,user826@example.com,35,85804,Finance,2020-05-30,True,3.14,0
827,user_00827,user827@example.com,64,46446,HR,2021-05-28,False,1.78,2
828,user_00828,user828@example.com,29,68742,Finance,2021-01-10,False,1.66,6
829,user_00829,user829@example.com,26,87569,Finance,2020-01-22,True,4.67,14
830,user_00830,user830@example.com,27,65987,Engineering,2022-06-01,True,2.31,18
831,user_00831,user831@example.com,75,136701,Engineering,2020-11-08,True,2.49,19
832,user_00832,user832@example.com,61,27695,Finance,2022-09-23,True,4.04,1
833,user_00833,user833@example.com,34,61312,Sales,2022-04-19,True,2.36,18
834,user_00834,user834@example.com,78,51555,Finance,2021-06-02,False,4.81,8
835,user_00835,user835@example.com,55,57491,Finance,2020-07-24,True,3.95,18
836,user_00836,user836@example.com,24,58925,Marketing,2022-08-09,True,3.39,4
837,user_00837,user837@example.com,63,41839,Marketing,2021-01-09,True,4.52,17
838,user_00838,user838@example.com,30,93817,Marketing,2021-03-26,False,1.2,15
839,user_00839,user839@example.com,57,61322,Sales,2021-09-17,True,2.03,3
840,user_00840,user840@example.com,59,79089,Sales,2022-02-22,True,2.86,11
841,user_00841,user841@example.com,26,64129,Finance,2021-08-17,True,1.91,6
842,user_00842,user842@example.com,67,57727,Marketing,2020-06-27,True,3.98,13
843,user_00843,user843@example.com,44,116806,Sales,2020-07-28,True,4.68,11
844,user_00844,user844@example.com,75,98073,Engineering,2021-05-14,False,2.7,2
845,user_00845,user845@example.com,19,28294,Finance,2021-04-08,True,2.37,4
846,user_00846,user846@example.com,22,25646,HR,2022-04-19,True,4.85,16
847,user_00847,user847@example.com,46,101065,Finance,2020-05-03,True,2.78,9
848,user_00848,user848@example.com,54,62003,HR,2022-09-19,True,2.96,9
849,user_00849,user849@example.com,55,33772,Marketing,2020-04-22,True,2.41,10
850,user_00850,user850@example.com,36,101143,HR,2020-01-12,True,4.64,16
851,user_00851,user851@example.com,25,79228,Marketing,2020-05-05,True,3.28,4
852,user_00852,user852@example.com,65,81289,Engineering,2021-07-18,True,4.05,12
853,user_00853,user853@example.com,62,95238,HR,2020-11-26,True,4.25,9
854,user_00854,user854@example.com,18,42250,Finance,2022-06-19,True,2.37,8
855,user_00855,user855@example.com,39,34212,Marketing,2020-10-09,False,2.73,16
856,user_00856,user856@example.com,69,114523,Finance,2020-05-19,True,4.39,0
857,user_00857,user857@example.com,34,39070,Sales,2021-02-04,True,2.45,3
858,user_00858,user858@example.com,24,44444,Marketing,2022-06-20,True,4.18,3
859,user_00859,user859@example.com,42,49439,HR,2020-04-06,True,4.76,17
860,user_00860,user860@example.com,62,126998,Marketing,2021-05-31,True,3.49,8
861,user_00861,user861@example.com,21,87334,Finance,2021-07-22,True,3.97,17
862,user_00862,user862@example.com,53,99135,Engineering,2022-07-12,True,4.22,13
863,user_00863,user863@example.com,23,79904,Marketing,2022-04-25,True,4.38,14
864,user_00864,user864@example.com,77,59952,HR,2020-03-09,True,2.58,5
865,user_00865,user865@example.com,48,90782,Sales,2020-04-27,True,1.21,9
866,user_00866,user866@example.com,36,36084,Engineering,2022-06-06,False,2.61,14
867,user_00867,user867@example.com,78,47617,Sales,2020-02-28,True,3.7,3
868,user_00868,user868@example.com,61,93324,Marketing,2020-02-02,True,2.8,17
869,user_00869,user869@example.com,71,41068,Finance,2020-11-13,False,4.0,17
870,user_00870,user870@example.com,56,70272,Finance,2020-02-19,False,2.43,16
871,user_00871,user871@example.com,44,71412,HR,2022-05-29,True,3.54,11
872,user_00872,user872@example.com,27,61783,Finance,2021-05-03,True,1.75,6
873,user_00873,user873@example.com,43,26222,Engineering,2020-01-19,True,4.0,15
874,user_00874,user874@example.com,36,59276,Finance,2021-12-26,True,3.18,10
875,user_00875,user875@example.com,56,54375,HR,2020-07-15,True,1.82,13
876,user_00876,user876@example.com,79,79035,Marketing,2022-06-09,True,2.17,2
877,user_00877,user877@example.com,20,77762,Marketing,2021-03-25,True,3.99,18
878,user_00878,user878@example.com,62,84449,Finance,2022-09-16,True,2.93,17
879,user_00879,user879@example.com,30,58100,Sales,2021-07-12,True,1.86,9
880,user_00880,user880@example.com,67,88069,Marketing,2021-11-09,True,4.87,5
881,user_00881,user881@example.com,45,36099,Finance,2021-03-27,True,3.86,12
882,user_00882,user882@example.com,79,29452,HR,2020-10-15,True,4.83,9
883,user_00883,user883@example.com,75,16610,Finance,2020-05-20,True,2.71,17
884,user_00884,user884@example.com,37,62517,Marketing,2020-03-24,False,2.9,19
885,user_00885,user885@example.com,45,56167,HR,2021-11-24,True,4.59,15
886,user_00886,user886@example.com,25,94732,Finance,2021-01-25,True,3.1,5
887,user_00887,user887@example.com,78,58783,Engineering,2021-08-13,True,3.83,12
888,user_00888,user888@example.com,58,81834,HR,2020-08-02,True,2.01,3
889,user_00889,user889@example.com,56,95332,Engineering,2021-06-09,False,2.79,13
890,user_00890,user890@example.com,18,57842,Sales,2020-08-02,True,1.49,0
891,user_00891,user891@example.com,20,82451,HR,2021-02-06,True,1.82,19
892,user_00892,user892@example.com,30,100048,Engineering,2020-05-07,True,1.0,4
893,user_00893,user893@example.com,45,44045,Marketing,2022-04-01,True,1.16,7
894,user_00894,user894@example.com,79,75621,Marketing,2021-04-21,True,4.91,11
895,user_00895,user895@example.com,74,57949,Sales,2022-01-29,True,1.97,1
896,user_00896,user896@example.com,77,45637,HR,2021-02-07,True,3.65,11
897,user_00897,user897@example.com,66,36588,HR,2020-01-29,True,4.36,4
898,user_00898,user898@example.com,42,45233,HR,2022-03-02,True,3.2,4
899,user_00899,user899@example.com,73,76500,Sales,2020-12-03,False,1.61,12
900,user_00900,user900@example.com,50,34728,HR,2022-04-10,True,3.91,8
901,user_00901,user901@example.com,55,61231,Marketing,2021-12-14,True,3.4,9
902,user_00902,user902@example.com,70,95329,Engineering,2020-12-26,True,3.93,0
903,user_00903,user903@example.com,23,86225,Marketing,2021-07-22,False,4.08,2
904,user_00904,user904@example.com,75,61737,Marketing,2021-01-26,True,4.9,17
905,user_00905,user905@example.com,61,117242,Engineering,2020-08-05,True,3.29,11
906,user_00906,user906@example.com,62,122325,Marketing,2021-07-27,True,2.37,2
907,user_00907,user907@example.com,49,75653,Sales,2021-10-30,True,3.59,8
908,user_00908,user908@example.com,62,13286,Engineering,2020-07-20,True,1.27,1
909,user_00909,user909@example.com,78,97161,Marketing,2020-01-17,True,4.59,2
910,user_00910,user910@example.com,64,17650,Finance,2020-11-17,True,1.48,13
911,user_00911,user911@example.com,38,111903,Marketing,2021-06-01,True,2.31,3
912,user_00912,user912@example.com,33,102089,Sales,2021-07-23,True,4.26,18
913,user_00913,user913@example.com,71,119355,HR,2020-11-20,True,3.39,12
914,user_00914,user914@example.com,38,81506,Marketing,2021-02-15,True,2.57,6
915,user_00915,user915@example.com,28,65965,HR,2020-11-13,True,2.89,11
916,user_00916,user916@example.com,77,63747,Finance,2021-11-11,True,4.42,2
917,user_00917,user917@example.com,54,61343,Marketing,2022-08-22,True,2.36,8
918,user_00918,user918@example.com,53,99526,Engineering,2020-03-22,True,4.48,1
919,user_00919,user919@example.com,52,92806,HR,2021-04-18,True,1.35,8
920,user_00920,user920@example.com,36,78005,Finance,2021-04-12,True,4.11,11
921,user_00921,user921@example.com,37,56945,Engineering,2021-02-28,True,4.39,11
922,user_00922,user922@example.com,74,140730,Engineering,2022-08-02,True,1.73,14
923,user_00923,user923@example.com,35,97809,Engineering,2021-12-31,True,2.72,1
924,user_00924,user924@example.com,64,35057,Engineering,2021-11-19,True,1.66,17
925,user_00925,user925@example.com,58,62093,Marketing,2020-07-22,True,3.83,12
926,user_00926,user926@example.com,66,98294,Marketing,2021-08-05,True,3.14,13
927,user_00927,user927@example.com,31,55011,Marketing,2021-01-21,True,3.54,4
928,user_00928,user928@example.com,32,83788,Finance,2022-02-16,True,1.79,9
929,user_00929,user929@example.com,48,98769,Finance,2020-04-07,True,1.85,11
930,user_00930,user930@example.com,18,9710,Finance,2020-12-10,False,1.17,9
931,user_00931,user931@example.com,70,72299,Sales,2022-03-13,False,2.29,10
932,user_00932,user932@example.com,71,73280,Finance,2020-07-26,True,3.24,1
933,user_00933,user933@example.com,71,64698,Marketing,2021-05-28,True,4.43,4
934,user_00934,user934@example.com,20,82542,Marketing,2021-09-27,True,3.67,6
935,user_00935,user935@example.com,33,91437,Sales,2022-03-02,True,2.74,5
936,user_00936,user936@example.com,40,78551,Sales,2021-08-08,True,4.81,2
937,user_00937,user937@example.com,74,65654,Finance,2020-06-14,True,3.88,12
938,user_00938,user938@example.com,28,90815,HR,2020-01-22,True,4.72,2
939,user_00939,user939@example.com,29,76226,Sales,2020-06-02,True,3.11,5
940,user_00940,user940@example.com,27,69232,Engineering,2022-07-27,True,2.04,10
941,user_00941,user941@example.com,49,42193,Marketing,2021-03-14,True,1.21,16
942,user_00942,user942@example.com,33,35933,Engineering,2020-10-21,True,3.9,9
943,user_00943,user943@example.com,25,41719,Marketing,2020-08-06,True,1.49,11
944,user_00944,user944@example.com,55,81958,Marketing,2021-10-30,True,2.21,16
945,user_00945,user945@example.com,29,73023,Sales,2021-05-09,True,3.13,3
946,user_00946,user946@example.com,41,37992,Sales,2020-08-17,True,3.26,1
947,user_00947,user947@example.com,45,91147,Engineering,2020-01-20,False,3.4,10
948,user_00948,user948@example.com,70,109357,Marketing,2022-09-13,True,1.67,6
949,user_00949,user949@example.com,25,60037,Engineering,2021-07-06,False,2.52,1
950,user_00950,user950@example.com,75,31475,HR,2022-08-07,False,3.47,17
951,user_00951,user951@example.com,45,57271,Engineering,2020-05-27,True,4.88,3
952,user_00952,user952@example.com,53,96361,Finance,2020-04-17,True,3.91,7
953,user_00953,user953@example.com,43,88713,Engineering,2021-02-06,True,4.69,19
954,user_00954,user954@example.com,25,51939,Finance,2021-08-18,False,4.05,13
955,user_00955,user955@example.com,75,113029,Finance,2021-04-27,True,3.37,11
956,user_00956,user956@example.com,77,108707,Finance,2021-01-01,True,1.77,17
957,user_00957,user957@example.com,67,56674,HR,2022-04-13,True,3.67,10
958,user_00958,user958@example.com,45,56417,Engineering,2021-02-17,True,3.49,7
959,user_00959,user959@example.com,45,60179,Engineering,2020-11-04,True,3.41,1
960,user_00960,user960@example.com,54,62316,HR,2022-03-12,True,2.96,14
961,user_00961,user961@example.com,58,98763,Marketing,2022-07-06,True,3.11,8
962,user_00962,user962@example.com,53,85633,Sales,2022-04-14,False,2.34,18
963,user_00963,user963@example.com,44,96926,Engineering,2020-05-13,True,3.08,19
964,user_00964,user964@example.com,71,91839,Sales,2021-12-19,False,1.79,7
965,user_00965,user965@example.com,34,117863,HR,2020-10-09,True,4.22,18
966,user_00966,user966@example.com,26,48515,Marketing,2022-02-16,True,1.74,4
967,user_00967,user967@example.com,50,84508,Marketing,2020-03-13,True,1.34,10
968,user_00968,user968@example.com,70,20654,Marketing,2021-04-25,True,2.74,14
969,user_00969,user969@example.com,37,42076,HR,2020-12-17,True,3.63,7
970,user_00970,user970@example.com,30,73128,Finance,2021-07-13,True,2.75,18
971,user_00971,user971@example.com,45,85455,Finance,2020-11-21,True,2.11,7
972,user_00972,user972@example.com,65,72454,Sales,2022-01-14,False,3.23,18
973,user_00973,user973@example.com,46,60820,Finance,2021-03-18,False,2.39,17
974,user_00974,user974@example.com,30,65264,Finance,2020-04-09,True,4.73,9
975,user_00975,user975@example.com,63,109236,Marketing,2020-02-28,True,4.69,6
976,user_00976,user976@example.com,52,65399,Marketing,2021-05-22,True,3.01,8
977,user_00977,user977@example.com,78,118731,Sales,2020-09-14,True,2.31,0
978,user_00978,user978@example.com,23,94850,Engineering,2021-02-16,False,3.95,18
979,user_00979,user979@example.com,35,86438,Sales,2021-03-27,True,1.15,4
980,user_00980,user980@example.com,68,45160,Sales,2020-03-05,True,2.9,18
981,user_00981,user981@example.com,22,98380,HR,2021-08-17,False,2.35,0
982,user_00982,user982@example.com,64,62655,HR,2020-06-02,True,4.68,14
983,user_00983,user983@example.com,42,45139,Sales,2022-09-11,True,1.05,15
984,user_00984,user984@example.com,19,87821,Sales,2020-09-22,True,3.21,6
985,user_00985,user985@example.com,27,40301,Sales,2022-03-31,True,3.96,11
986,user_00986,user986@example.com,73,55943,Finance,2020-03-19,True,2.94,7
987,user_00987,user987@example.com,47,74747,HR,2020-11-10,True,1.34,4
988,user_00988,user988@example.com,67,130460,Sales,2021-10-23,True,4.89,9
989,user_00989,user989@example.com,76,57827,Marketing,2022-08-04,True,3.07,4
990,user_00990,user990@example.com,62,63544,Marketing,2021-07-13,True,3.46,16
991,user_00991,user991@example.com,22,93308,Finance,2022-07-05,True,1.95,4
992,user_00992,user992@example.com,72,44042,Finance,2022-06-09,True,2.93,14
993,user_00993,user993@example.com,73,86070,Engineering,2020-09-04,True,2.72,12
994,user_00994,user994@example.com,50,105148,Engineering,2022-02-28,True,1.3,0
995,user_00995,user995@example.com,71,67322,Engineering,2022-05-17,True,1.42,10
996,user_00996,user996@example.com,18,100653,Finance,2021-09-01,True,4.35,0
997,user_00997,user997@example.com,35,82286,Finance,2021-02-17,True,1.96,10
998,user_00998,user998@example.com,49,56732,Finance,2020-01-25,True,1.78,17
999,user_00999,user999@example.com,64,70054,Marketing,2020-10-10,True,3.02,17
1000,user_01000,user1000@example.com,66,65506,Finance,2021-03-24,True,4.07,15
